[{"id":3,"name":"Dolnoslaskie","url":"dolnoslaskie","subregions":[{"id":"3197","name":"Bielawa","name_long":"Bielawa, dzierzoniowski, Dolnoslaskie","url":"bielawa"},{"id":"24495","name":"Bogatynia","name_long":"Bogatynia, zgorzelecki, Dolnoslaskie","url":"bogatynia"},{"id":"42471","name":"Boguszów-Gorce","name_long":"Boguszów-Gorce, walbrzyski, Dolnoslaskie","url":"boguszow-gorce"},{"id":"24545","name":"Boleslawiec","name_long":"Boleslawiec, boleslawiecki, Dolnoslaskie","url":"boleslawiec"},{"id":"26541","name":"Dzierzoniów","name_long":"Dzierzoniów, dzierzoniowski, Dolnoslaskie","url":"dzierzoniow"},{"id":"27191","name":"Glogów","name_long":"Glogów, glogowski, Dolnoslaskie","url":"glogow"},{"id":"64413","name":"Jawor","name_long":"Jawor, jaworski, Dolnoslaskie","url":"jawor"},{"id":"64467","name":"Jelcz-Laskowice","name_long":"Jelcz-Laskowice, olawski, Dolnoslaskie","url":"jelcz-laskowice"},{"id":"7257","name":"Jelenia Góra","name_long":"Jelenia Góra, Dolnoslaskie","url":"jelenia-gora"},{"id":"64759","name":"Kamienna Góra","name_long":"Kamienna Góra, kamiennogórski, Dolnoslaskie","url":"kamienna-gora"},{"id":"47303","name":"Klodzko","name_long":"Klodzko, klodzki, Dolnoslaskie","url":"klodzko"},{"id":"9775","name":"Legnica","name_long":"Legnica, Dolnoslaskie","url":"legnica"},{"id":"89409","name":"Luban","name_long":"Luban, lubanski, Dolnoslaskie","url":"luban"},{"id":"10101","name":"Lubin","name_long":"Lubin, lubinski, Dolnoslaskie","url":"lubin"},{"id":"12231","name":"Nowa Ruda","name_long":"Nowa Ruda, klodzki, Dolnoslaskie","url":"nowa-ruda"},{"id":"12869","name":"Olawa","name_long":"Olawa, olawski, Dolnoslaskie","url":"olawa"},{"id":"12623","name":"Olesnica","name_long":"Olesnica, olesnicki, Dolnoslaskie","url":"olesnica"},{"id":"141033","name":"Polkowice","name_long":"Polkowice, polkowicki, Dolnoslaskie","url":"polkowice"},{"id":"143707","name":"Strzegom","name_long":"Strzegom, swidnicki, Dolnoslaskie","url":"strzegom"},{"id":"38153","name":"Swidnica","name_long":"Swidnica, swidnicki, Dolnoslaskie","url":"swidnica"},{"id":"38163","name":"Swiebodzice","name_long":"Swiebodzice, swidnicki, Dolnoslaskie","url":"swiebodzice"},{"id":"17829","name":"Walbrzych","name_long":"Walbrzych, Dolnoslaskie","url":"walbrzych"},{"id":"19701","name":"Wroclaw","name_long":"Wroclaw, Dolnoslaskie","url":"wroclaw"},{"id":"59751","name":"Zabkowice Slaskie","name_long":"Zabkowice Slaskie, zabkowicki, Dolnoslaskie","url":"zabkowice-slaskie"},{"id":"129619","name":"Zgorzelec","name_long":"Zgorzelec, zgorzelecki, Dolnoslaskie","url":"zgorzelec"},{"id":"20949","name":"Zlotoryja","name_long":"Zlotoryja, zlotoryjski, Dolnoslaskie","url":"zlotoryja"}]},{"id":15,"name":"Kujawsko-pomorskie","url":"kujawsko-pomorskie","subregions":[{"id":"21803","name":"Brodnica","name_long":"Brodnica, brodnicki, Kujawsko-pomorskie","url":"brodnica"},{"id":"4019","name":"Bydgoszcz","name_long":"Bydgoszcz, Kujawsko-pomorskie","url":"bydgoszcz"},{"id":"22501","name":"Chelmno","name_long":"Chelmno, chelminski, Kujawsko-pomorskie","url":"chelmno"},{"id":"6653","name":"Grudziadz","name_long":"Grudziadz, Kujawsko-pomorskie","url":"grudziadz"},{"id":"6909","name":"Inowroclaw","name_long":"Inowroclaw, inowroclawski, Kujawsko-pomorskie","url":"inowroclaw"},{"id":"32863","name":"Naklo nad Notecia","name_long":"Naklo nad Notecia, gm. Naklo Nad Notecia, nakielski, Kujawsko-pomorskie","url":"naklo-nad-notecia"},{"id":"36169","name":"Rypin","name_long":"Rypin, rypinski, Kujawsko-pomorskie","url":"rypin"},{"id":"54995","name":"Solec Kujawski","name_long":"Solec Kujawski, bydgoski, Kujawsko-pomorskie","url":"solec-kujawski"},{"id":"74511","name":"Swiecie","name_long":"Swiecie, swiecki, Kujawsko-pomorskie","url":"swiecie"},{"id":"38395","name":"Torun","name_long":"Torun, Kujawsko-pomorskie","url":"torun"},{"id":"19403","name":"Wloclawek","name_long":"Wloclawek, Kujawsko-pomorskie","url":"wloclawek"}]},{"id":8,"name":"Lubelskie","url":"lubelskie","subregions":[{"id":"1555","name":"Biala Podlaska","name_long":"Biala Podlaska, Lubelskie","url":"biala-podlaska"},{"id":"21423","name":"Bilgoraj","name_long":"Bilgoraj, bilgorajski, Lubelskie","url":"bilgoraj"},{"id":"4271","name":"Chelm","name_long":"Chelm, Lubelskie","url":"chelm"},{"id":"26115","name":"Deblin","name_long":"Deblin, rycki, Lubelskie","url":"deblin"},{"id":"85973","name":"Hrubieszów","name_long":"Hrubieszów, hrubieszowski, Lubelskie","url":"hrubieszow"},{"id":"30429","name":"Krasnik","name_long":"Krasnik, krasnicki, Lubelskie","url":"krasnik"},{"id":"136619","name":"Krasnystaw","name_long":"Krasnystaw, krasnostawski, Lubelskie","url":"krasnystaw"},{"id":"31463","name":"Leczna","name_long":"Leczna, leczynski, Lubelskie","url":"leczna"},{"id":"67313","name":"Lubartów","name_long":"Lubartów, lubartowski, Lubelskie","url":"lubartow"},{"id":"10119","name":"Lublin","name_long":"Lublin, Lubelskie","url":"lublin"},{"id":"11099","name":"Luków","name_long":"Luków, lukowski, Lubelskie","url":"lukow"},{"id":"68731","name":"Miedzyrzec Podlaski","name_long":"Miedzyrzec Podlaski, bialski, Lubelskie","url":"miedzyrzec-podlaski"},{"id":"71757","name":"Pulawy","name_long":"Pulawy, pulawski, Lubelskie","url":"pulawy"},{"id":"14721","name":"Radzyn Podlaski","name_long":"Radzyn Podlaski, radzynski, Lubelskie","url":"radzyn-podlaski"},{"id":"56287","name":"Swidnik","name_long":"Swidnik, swidnicki, Lubelskie","url":"swidnik"},{"id":"96667","name":"Tomaszów Lubelski","name_long":"Tomaszów Lubelski, tomaszowski, Lubelskie","url":"tomaszow-lubelski"},{"id":"20507","name":"Zamosc","name_long":"Zamosc, Lubelskie","url":"zamosc"}]},{"id":9,"name":"Lubuskie","url":"lubuskie","subregions":[{"id":"6331","name":"Gorzów Wielkopolski","name_long":"Gorzów Wielkopolski, Lubuskie","url":"gorzow"},{"id":"85841","name":"Gubin","name_long":"Gubin, krosnienski, Lubuskie","url":"gubin"},{"id":"135991","name":"Kostrzyn nad Odra","name_long":"Kostrzyn nad Odra, gorzowski, Lubuskie","url":"kostrzyn-nad-odra"},{"id":"11605","name":"Miedzyrzecz","name_long":"Miedzyrzecz, miedzyrzecki, Lubuskie","url":"miedzyrzecz"},{"id":"33099","name":"Nowa Sól","name_long":"Nowa Sól, nowosolski, Lubuskie","url":"nowa-sol"},{"id":"106407","name":"Slubice","name_long":"Slubice, slubicki, Lubuskie","url":"slubice"},{"id":"73801","name":"Sulechów","name_long":"Sulechów, zielonogórski, Lubuskie","url":"sulechow"},{"id":"38165","name":"Swiebodzin","name_long":"Swiebodzin, swiebodzinski, Lubuskie","url":"swiebodzin"},{"id":"21033","name":"Zagan","name_long":"Zagan, zaganski, Lubuskie","url":"zagan"},{"id":"78153","name":"Zary","name_long":"Zary, zarski, Lubuskie","url":"zary"},{"id":"20787","name":"Zielona Góra","name_long":"Zielona Góra, Lubuskie","url":"zielonagora"}]},{"id":7,"name":"Lódzkie","url":"lodzkie","subregions":[{"id":"53","name":"Aleksandrów Lódzki","name_long":"Aleksandrów Lódzki, zgierski, Lódzkie","url":"aleksandrow-lodzki"},{"id":"479","name":"Belchatów","name_long":"Belchatów, belchatowski, Lódzkie","url":"belchatow"},{"id":"45219","name":"Glowno","name_long":"Glowno, zgierski, Lódzkie","url":"glowno"},{"id":"29685","name":"Konstantynów Lódzki","name_long":"Konstantynów Lódzki, pabianicki, Lódzkie","url":"konstantynow-lodzki"},{"id":"66927","name":"Kutno","name_long":"Kutno, kutnowski, Lódzkie","url":"kutno"},{"id":"10411","name":"Lask","name_long":"Lask, laski, Lódzkie","url":"lask"},{"id":"89839","name":"Leczyca","name_long":"Leczyca, leczycki, Lódzkie","url":"leczyca"},{"id":"10609","name":"Lódz","name_long":"Lódz, Lódzkie","url":"lodz"},{"id":"10603","name":"Lowicz","name_long":"Lowicz, lowicki, Lódzkie","url":"lowicz"},{"id":"33807","name":"Opoczno","name_long":"Opoczno, opoczynski, Lódzkie","url":"opoczno"},{"id":"52197","name":"Ozorków","name_long":"Ozorków, zgierski, Lódzkie","url":"ozorkow"},{"id":"13247","name":"Pabianice","name_long":"Pabianice, pabianicki, Lódzkie","url":"pabianice"},{"id":"13573","name":"Piotrków Trybunalski","name_long":"Piotrków Trybunalski, Lódzkie","url":"piotrkow-trybunalski"},{"id":"71851","name":"Radomsko","name_long":"Radomsko, radomszczanski, Lódzkie","url":"radomsko"},{"id":"93993","name":"Rawa Mazowiecka","name_long":"Rawa Mazowiecka, rawski, Lódzkie","url":"rawa-mazowiecka"},{"id":"15533","name":"Sieradz","name_long":"Sieradz, sieradzki, Lódzkie","url":"sieradz"},{"id":"15635","name":"Skierniewice","name_long":"Skierniewice, Lódzkie","url":"skierniewice"},{"id":"56509","name":"Tomaszów Mazowiecki","name_long":"Tomaszów Mazowiecki, tomaszowski, Lódzkie","url":"tomaszow-mazowiecki"},{"id":"76295","name":"Wielun","name_long":"Wielun, wielunski, Lódzkie","url":"wielun"},{"id":"41415","name":"Zdunska Wola","name_long":"Zdunska Wola, zdunskowolski, Lódzkie","url":"zdunska-wola"},{"id":"59837","name":"Zgierz","name_long":"Zgierz, zgierski, Lódzkie","url":"zgierz"}]},{"id":4,"name":"Malopolskie","url":"malopolskie","subregions":[{"id":"1839","name":"Andrychów","name_long":"Andrychów, wadowicki, Malopolskie","url":"andrychow"},{"id":"24485","name":"Bochnia","name_long":"Bochnia, bochenski, Malopolskie","url":"bochnia"},{"id":"42791","name":"Brzesko","name_long":"Brzesko, brzeski, Malopolskie","url":"brzesko"},{"id":"4437","name":"Chrzanów","name_long":"Chrzanów, chrzanowski, Malopolskie","url":"chrzanow"},{"id":"6303","name":"Gorlice","name_long":"Gorlice, gorlicki, Malopolskie","url":"gorlice"},{"id":"29073","name":"Kety","name_long":"Kety, oswiecimski, Malopolskie","url":"kety"},{"id":"8959","name":"Kraków","name_long":"Kraków, Malopolskie","url":"krakow"},{"id":"30959","name":"Libiaz","name_long":"Libiaz, chrzanowski, Malopolskie","url":"libiaz"},{"id":"30981","name":"Limanowa","name_long":"Limanowa, limanowski, Malopolskie","url":"limanowa"},{"id":"91275","name":"Myslenice","name_long":"Myslenice, myslenicki, Malopolskie","url":"myslenice"},{"id":"33369","name":"Nowy Sacz","name_long":"Nowy Sacz, Malopolskie","url":"nowy-sacz"},{"id":"12505","name":"Nowy Targ","name_long":"Nowy Targ, nowotarski, Malopolskie","url":"nowy-targ"},{"id":"12635","name":"Olkusz","name_long":"Olkusz, olkuski, Malopolskie","url":"olkusz"},{"id":"13205","name":"Oswiecim","name_long":"Oswiecim, oswiecimski, Malopolskie","url":"oswiecim"},{"id":"94873","name":"Skawina","name_long":"Skawina, krakowski, Malopolskie","url":"skawina"},{"id":"17369","name":"Tarnów","name_long":"Tarnów, Malopolskie","url":"tarnow"},{"id":"74837","name":"Trzebinia","name_long":"Trzebinia, chrzanowski, Malopolskie","url":"trzebinia"},{"id":"56849","name":"Wadowice","name_long":"Wadowice, wadowicki, Malopolskie","url":"wadowice"},{"id":"128097","name":"Wieliczka","name_long":"Wieliczka, wielicki, Malopolskie","url":"wieliczka"},{"id":"59535","name":"Zakopane","name_long":"Zakopane, tatrzanski, Malopolskie","url":"zakopane"}]},{"id":2,"name":"Mazowieckie","url":"mazowieckie","subregions":[{"id":"25555","name":"Ciechanów","name_long":"Ciechanów, ciechanowski, Mazowieckie","url":"ciechanow"},{"id":"23883","name":"Garwolin","name_long":"Garwolin, garwolinski, Mazowieckie","url":"garwolin"},{"id":"6349","name":"Gostynin","name_long":"Gostynin, gostyninski, Mazowieckie","url":"gostynin"},{"id":"27633","name":"Grodzisk Mazowiecki","name_long":"Grodzisk Mazowiecki, grodziski, Mazowieckie","url":"grodzisk-mazowiecki"},{"id":"81563","name":"Grójec","name_long":"Grójec, grójecki, Mazowieckie","url":"grojec"},{"id":"7381","name":"Józefów","name_long":"Józefów, otwocki, Mazowieckie","url":"jozefow_7381"},{"id":"65569","name":"Kobylka","name_long":"Kobylka, wolominski, Mazowieckie","url":"kobylka"},{"id":"117385","name":"Konstancin-Jeziorna","name_long":"Konstancin-Jeziorna, piaseczynski, Mazowieckie","url":"konstancin-jeziorna"},{"id":"8907","name":"Kozienice","name_long":"Kozienice, kozienicki, Mazowieckie","url":"kozienice"},{"id":"30839","name":"Legionowo","name_long":"Legionowo, legionowski, Mazowieckie","url":"legionowo"},{"id":"67763","name":"Lomianki","name_long":"Lomianki, warszawski zachodni, Mazowieckie","url":"lomianki"},{"id":"32213","name":"Marki","name_long":"Marki, wolominski, Mazowieckie","url":"marki"},{"id":"90951","name":"Milanówek","name_long":"Milanówek, grodziski, Mazowieckie","url":"milanowek"},{"id":"11729","name":"Minsk Mazowiecki","name_long":"Minsk Mazowiecki, minski, Mazowieckie","url":"minsk-mazowiecki"},{"id":"102207","name":"Mlawa","name_long":"Mlawa, mlawski, Mazowieckie","url":"mlawa"},{"id":"12439","name":"Nowy Dwór Mazowiecki","name_long":"Nowy Dwór Mazowiecki, nowodworski, Mazowieckie","url":"nowy-dwor-mazowiecki"},{"id":"13147","name":"Ostroleka","name_long":"Ostroleka, Mazowieckie","url":"ostroleka"},{"id":"70247","name":"Ostrów Mazowiecka","name_long":"Ostrów Mazowiecka, ostrowski, Mazowieckie","url":"ostrow-mazowiecka"},{"id":"13229","name":"Otwock","name_long":"Otwock, otwocki, Mazowieckie","url":"otwock"},{"id":"52381","name":"Piaseczno","name_long":"Piaseczno, piaseczynski, Mazowieckie","url":"piaseczno"},{"id":"13459","name":"Piastów","name_long":"Piastów, pruszkowski, Mazowieckie","url":"piastow"},{"id":"52523","name":"Pionki","name_long":"Pionki, radomski, Mazowieckie","url":"pionki"},{"id":"13663","name":"Plock","name_long":"Plock, Mazowieckie","url":"plock"},{"id":"92951","name":"Plonsk","name_long":"Plonsk, plonski, Mazowieckie","url":"plonsk"},{"id":"14389","name":"Pruszków","name_long":"Pruszków, pruszkowski, Mazowieckie","url":"pruszkow"},{"id":"71579","name":"Przasnysz","name_long":"Przasnysz, przasnyski, Mazowieckie","url":"przasnysz"},{"id":"14597","name":"Pultusk","name_long":"Pultusk, pultuski, Mazowieckie","url":"pultusk"},{"id":"14673","name":"Radom","name_long":"Radom, Mazowieckie","url":"radom"},{"id":"15459","name":"Siedlce","name_long":"Siedlce, Mazowieckie","url":"siedlce"},{"id":"15549","name":"Sierpc","name_long":"Sierpc, sierpecki, Mazowieckie","url":"sierpc"},{"id":"36833","name":"Sochaczew","name_long":"Sochaczew, sochaczewski, Mazowieckie","url":"sochaczew"},{"id":"15963","name":"Sokolów Podlaski","name_long":"Sokolów Podlaski, sokolowski, Mazowieckie","url":"sokolow-podlaski"},{"id":"107141","name":"Sulejówek","name_long":"Sulejówek, minski, Mazowieckie","url":"sulejowek"},{"id":"17871","name":"Warszawa","name_long":"Warszawa, Mazowieckie","url":"warszawa"},{"id":"110223","name":"Wolomin","name_long":"Wolomin, wolominski, Mazowieckie","url":"wolomin"},{"id":"20257","name":"Wyszków","name_long":"Wyszków, wyszkowski, Mazowieckie","url":"wyszkow"},{"id":"99777","name":"Zabki","name_long":"Zabki, wolominski, Mazowieckie","url":"zabki"},{"id":"129737","name":"Zielonka","name_long":"Zielonka, wolominski, Mazowieckie","url":"zielonka"},{"id":"60255","name":"Zyrardów","name_long":"Zyrardów, zyrardowski, Mazowieckie","url":"zyrardow"}]},{"id":12,"name":"Opolskie","url":"opolskie","subregions":[{"id":"3753","name":"Brzeg","name_long":"Brzeg, brzeski, Opolskie","url":"brzeg"},{"id":"7923","name":"Kedzierzyn-Kozle","name_long":"Kedzierzyn-Kozle, kedzierzynsko-kozielski, Opolskie","url":"kedzierzyn-kozle"},{"id":"29337","name":"Kluczbork","name_long":"Kluczbork, kluczborski, Opolskie","url":"kluczbork"},{"id":"9265","name":"Krapkowice","name_long":"Krapkowice, krapkowicki, Opolskie","url":"krapkowice"},{"id":"102513","name":"Namyslów","name_long":"Namyslów, namyslowski, Opolskie","url":"namyslow"},{"id":"12523","name":"Nysa","name_long":"Nysa, nyski, Opolskie","url":"nysa"},{"id":"12885","name":"Opole","name_long":"Opole, Opolskie","url":"opole"},{"id":"93641","name":"Prudnik","name_long":"Prudnik, prudnicki, Opolskie","url":"prudnik"},{"id":"73707","name":"Strzelce Opolskie","name_long":"Strzelce Opolskie, strzelecki, Opolskie","url":"strzelce-opolskie"}]},{"id":17,"name":"Podkarpackie","url":"podkarpackie","subregions":[{"id":"23239","name":"Debica","name_long":"Debica, debicki, Podkarpackie","url":"debica"},{"id":"7127","name":"Jaroslaw","name_long":"Jaroslaw, jaroslawski, Podkarpackie","url":"jaroslaw"},{"id":"7161","name":"Jaslo","name_long":"Jaslo, jasielski, Podkarpackie","url":"jaslo"},{"id":"9359","name":"Krosno","name_long":"Krosno, Podkarpackie","url":"krosno"},{"id":"31385","name":"Lancut","name_long":"Lancut, lancucki, Podkarpackie","url":"lancut"},{"id":"32399","name":"Mielec","name_long":"Mielec, mielecki, Podkarpackie","url":"mielec"},{"id":"51147","name":"Nisko","name_long":"Nisko, nizanski, Podkarpackie","url":"nisko"},{"id":"14417","name":"Przemysl","name_long":"Przemysl, Podkarpackie","url":"przemysl"},{"id":"93719","name":"Przeworsk","name_long":"Przeworsk, przeworski, Podkarpackie","url":"przeworsk"},{"id":"94147","name":"Ropczyce","name_long":"Ropczyce, ropczycko-sedziszowski, Podkarpackie","url":"ropczyce"},{"id":"15241","name":"Rzeszów","name_long":"Rzeszów, Podkarpackie","url":"rzeszow"},{"id":"72583","name":"Sanok","name_long":"Sanok, sanocki, Podkarpackie","url":"sanok"},{"id":"55111","name":"Stalowa Wola","name_long":"Stalowa Wola, stalowowolski, Podkarpackie","url":"stalowa-wola"},{"id":"56407","name":"Tarnobrzeg","name_long":"Tarnobrzeg, Podkarpackie","url":"tarnobrzeg"}]},{"id":18,"name":"Podlaskie","url":"podlaskie","subregions":[{"id":"397","name":"Augustów","name_long":"Augustów, augustowski, Podlaskie","url":"augustow"},{"id":"1079","name":"Bialystok","name_long":"Bialystok, Podlaskie","url":"bialystok"},{"id":"3227","name":"Bielsk Podlaski","name_long":"Bielsk Podlaski, bielski, Podlaskie","url":"bielsk-podlaski"},{"id":"27567","name":"Grajewo","name_long":"Grajewo, grajewski, Podlaskie","url":"grajewo"},{"id":"6769","name":"Hajnówka","name_long":"Hajnówka, hajnowski, Podlaskie","url":"hajnowka"},{"id":"100893","name":"Lapy","name_long":"Lapy, bialostocki, Podlaskie","url":"lapy"},{"id":"10561","name":"Lomza","name_long":"Lomza, Podlaskie","url":"lomza"},{"id":"142831","name":"Siemiatycze","name_long":"Siemiatycze, siemiatycki, Podlaskie","url":"siemiatycze"},{"id":"36875","name":"Sokólka","name_long":"Sokólka, sokólski, Podlaskie","url":"sokolka"},{"id":"37573","name":"Suwalki","name_long":"Suwalki, Podlaskie","url":"suwalki"},{"id":"20493","name":"Zambrów","name_long":"Zambrów, zambrowski, Podlaskie","url":"zambrow"}]},{"id":5,"name":"Pomorskie","url":"pomorskie","subregions":[{"id":"131417","name":"Bydgoszcz","name_long":"Bydgoszcz, bytowski, Pomorskie","url":"bydgoszcz_131417"},{"id":"4205","name":"Bytów","name_long":"Bytów, bytowski, Pomorskie","url":"bytow"},{"id":"4363","name":"Chojnice","name_long":"Chojnice, chojnicki, Pomorskie","url":"chojnice"},{"id":"5659","name":"Gdansk","name_long":"Gdansk, Pomorskie","url":"gdansk"},{"id":"5849","name":"Gdynia","name_long":"Gdynia, Pomorskie","url":"gdynia"},{"id":"28761","name":"Kartuzy","name_long":"Kartuzy, kartuski, Pomorskie","url":"kartuzy"},{"id":"29941","name":"Koscierzyna","name_long":"Koscierzyna, koscierski, Pomorskie","url":"koscierzyna"},{"id":"9707","name":"Kwidzyn","name_long":"Kwidzyn, kwidzynski, Pomorskie","url":"kwidzyn"},{"id":"9879","name":"Lebork","name_long":"Lebork, leborski, Pomorskie","url":"lebork"},{"id":"11227","name":"Malbork","name_long":"Malbork, malborski, Pomorskie","url":"malbork"},{"id":"35361","name":"Pruszcz Gdanski","name_long":"Pruszcz Gdanski, gdanski, Pomorskie","url":"pruszcz-gdanski"},{"id":"53881","name":"Reda","name_long":"Reda, wejherowski, Pomorskie","url":"reda"},{"id":"105703","name":"Rumia","name_long":"Rumia, wejherowski, Pomorskie","url":"rumia"},{"id":"15833","name":"Slupsk","name_long":"Slupsk, Pomorskie","url":"slupsk"},{"id":"15983","name":"Sopot","name_long":"Sopot, Pomorskie","url":"sopot"},{"id":"95447","name":"Starogard Gdanski","name_long":"Starogard Gdanski, starogardzki, Pomorskie","url":"starogard-gdanski"},{"id":"107963","name":"Tczew","name_long":"Tczew, tczewski, Pomorskie","url":"tczew"},{"id":"38687","name":"Ustka","name_long":"Ustka, slupski, Pomorskie","url":"ustka"},{"id":"58121","name":"Wejherowo","name_long":"Wejherowo, wejherowski, Pomorskie","url":"wejherowo"}]},{"id":6,"name":"Slaskie","url":"slaskie","subregions":[{"id":"773","name":"Bedzin","name_long":"Bedzin, bedzinski, Slaskie","url":"bedzin"},{"id":"3231","name":"Bielsko-Biala","name_long":"Bielsko-Biala, Slaskie","url":"bielsko-biala"},{"id":"3279","name":"Bierun","name_long":"Bierun, bierunsko-ledzinski, Slaskie","url":"bierun"},{"id":"4197","name":"Bytom","name_long":"Bytom, Slaskie","url":"bytom"},{"id":"22611","name":"Chorzów","name_long":"Chorzów, Slaskie","url":"chorzow"},{"id":"4541","name":"Cieszyn","name_long":"Cieszyn, cieszynski, Slaskie","url":"cieszyn"},{"id":"25767","name":"Czechowice-Dziedzice","name_long":"Czechowice-Dziedzice, bielski, Slaskie","url":"czechowice-dziedzice"},{"id":"4705","name":"Czeladz","name_long":"Czeladz, bedzinski, Slaskie","url":"czeladz"},{"id":"4747","name":"Czerwionka-Leszczyny","name_long":"Czerwionka-Leszczyny, rybnicki, Slaskie","url":"czerwionka-leszczyny"},{"id":"4765","name":"Czestochowa","name_long":"Czestochowa, Slaskie","url":"czestochowa"},{"id":"4905","name":"Dabrowa Górnicza","name_long":"Dabrowa Górnicza, Slaskie","url":"dabrowa-gornicza"},{"id":"6091","name":"Gliwice","name_long":"Gliwice, Slaskie","url":"gliwice"},{"id":"7175","name":"Jastrzebie-Zdrój","name_long":"Jastrzebie-Zdrój, Slaskie","url":"jastrzebie-zdroj"},{"id":"7225","name":"Jaworzno","name_long":"Jaworzno, Slaskie","url":"jaworzno"},{"id":"7691","name":"Katowice","name_long":"Katowice, Slaskie","url":"katowice"},{"id":"29397","name":"Knurów","name_long":"Knurów, gliwicki, Slaskie","url":"knurow"},{"id":"10435","name":"Laziska Górne","name_long":"Laziska Górne, mikolowski, Slaskie","url":"laziska-gorne"},{"id":"9885","name":"Ledziny","name_long":"Ledziny, bierunsko-ledzinski, Slaskie","url":"ledziny"},{"id":"89633","name":"Lubliniec","name_long":"Lubliniec, lubliniecki, Slaskie","url":"lubliniec"},{"id":"11631","name":"Mikolów","name_long":"Mikolów, mikolowski, Slaskie","url":"mikolow"},{"id":"50917","name":"Myslowice","name_long":"Myslowice, Slaskie","url":"myslowice"},{"id":"91271","name":"Myszków","name_long":"Myszków, myszkowski, Slaskie","url":"myszkow"},{"id":"13057","name":"Orzesze","name_long":"Orzesze, mikolowski, Slaskie","url":"orzesze"},{"id":"13477","name":"Piekary Slaskie","name_long":"Piekary Slaskie, Slaskie","url":"piekary-slaskie"},{"id":"35509","name":"Pszczyna","name_long":"Pszczyna, pszczynski, Slaskie","url":"pszczyna"},{"id":"93847","name":"Pyskowice","name_long":"Pyskowice, gliwicki, Slaskie","url":"pyskowice"},{"id":"53689","name":"Racibórz","name_long":"Racibórz, raciborski, Slaskie","url":"raciborz"},{"id":"105233","name":"Radlin","name_long":"Radlin, wodzislawski, Slaskie","url":"radlin"},{"id":"93937","name":"Radzionków","name_long":"Radzionków, tarnogórski, Slaskie","url":"radzionkow"},{"id":"15041","name":"Ruda Slaska","name_long":"Ruda Slaska, Slaskie","url":"ruda-slaska"},{"id":"15167","name":"Rybnik","name_long":"Rybnik, Slaskie","url":"rybnik"},{"id":"124233","name":"Rydultowy","name_long":"Rydultowy, wodzislawski, Slaskie","url":"rydultowy"},{"id":"54587","name":"Siemianowice Slaskie","name_long":"Siemianowice Slaskie, Slaskie","url":"siemianowice-slaskie"},{"id":"16027","name":"Sosnowiec","name_long":"Sosnowiec, Slaskie","url":"sosnowiec"},{"id":"74557","name":"Swietochlowice","name_long":"Swietochlowice, Slaskie","url":"swietochlowice"},{"id":"17365","name":"Tarnowskie Góry","name_long":"Tarnowskie Góry, tarnogórski, Slaskie","url":"tarnowskie-gory"},{"id":"17705","name":"Tychy","name_long":"Tychy, Slaskie","url":"tychy"},{"id":"97005","name":"Ustron","name_long":"Ustron, cieszynski, Slaskie","url":"ustron"},{"id":"19427","name":"Wodzislaw Slaski","name_long":"Wodzislaw Slaski, wodzislawski, Slaskie","url":"wodzislaw-slaski"},{"id":"20327","name":"Zabrze","name_long":"Zabrze, Slaskie","url":"zabrze"},{"id":"20641","name":"Zawiercie","name_long":"Zawiercie, zawiercianski, Slaskie","url":"zawiercie"},{"id":"21141","name":"Zory","name_long":"Zory, Slaskie","url":"zory"},{"id":"21205","name":"Zywiec","name_long":"Zywiec, zywiecki, Slaskie","url":"zywiec"}]},{"id":13,"name":"Swietokrzyskie","url":"swietokrzyskie","subregions":[{"id":"3997","name":"Busko-Zdrój","name_long":"Busko-Zdrój, buski, Swietokrzyskie","url":"busko-zdroj"},{"id":"86509","name":"Jedrzejów","name_long":"Jedrzejów, jedrzejowski, Swietokrzyskie","url":"jedrzejow"},{"id":"7971","name":"Kielce","name_long":"Kielce, Swietokrzyskie","url":"kielce"},{"id":"65789","name":"Konskie","name_long":"Konskie, konecki, Swietokrzyskie","url":"konskie"},{"id":"13159","name":"Ostrowiec Swietokrzyski","name_long":"Ostrowiec Swietokrzyski, ostrowiecki, Swietokrzyskie","url":"ostrowiec-swietokrzyski"},{"id":"36333","name":"Sandomierz","name_long":"Sandomierz, sandomierski, Swietokrzyskie","url":"sandomierz"},{"id":"15619","name":"Skarzysko-Kamienna","name_long":"Skarzysko-Kamienna, skarzyski, Swietokrzyskie","url":"skarzysko-kamienna"},{"id":"16157","name":"Starachowice","name_long":"Starachowice, starachowicki, Swietokrzyskie","url":"starachowice"},{"id":"55391","name":"Staszów","name_long":"Staszów, staszowski, Swietokrzyskie","url":"staszow"}]},{"id":14,"name":"Warminsko-mazurskie","url":"warminsko-mazurskie","subregions":[{"id":"843","name":"Bartoszyce","name_long":"Bartoszyce, bartoszycki, Warminsko-mazurskie","url":"bartoszyce"},{"id":"24723","name":"Braniewo","name_long":"Braniewo, braniewski, Warminsko-mazurskie","url":"braniewo"},{"id":"26493","name":"Dzialdowo","name_long":"Dzialdowo, dzialdowski, Warminsko-mazurskie","url":"dzialdowo"},{"id":"5453","name":"Elblag","name_long":"Elblag, Warminsko-mazurskie","url":"elblag"},{"id":"5469","name":"Elk","name_long":"Elk, elcki, Warminsko-mazurskie","url":"elk"},{"id":"6049","name":"Gizycko","name_long":"Gizycko, gizycki, Warminsko-mazurskie","url":"gizycko"},{"id":"27945","name":"Ilawa","name_long":"Ilawa, ilawski, Warminsko-mazurskie","url":"ilawa"},{"id":"7965","name":"Ketrzyn","name_long":"Ketrzyn, ketrzynski, Warminsko-mazurskie","url":"ketrzyn"},{"id":"9903","name":"Lidzbark Warminski","name_long":"Lidzbark Warminski, lidzbarski, Warminsko-mazurskie","url":"lidzbark-warminski"},{"id":"32763","name":"Mragowo","name_long":"Mragowo, mragowski, Warminsko-mazurskie","url":"mragowo"},{"id":"51599","name":"Olecko","name_long":"Olecko, olecki, Warminsko-mazurskie","url":"olecko"},{"id":"12673","name":"Olsztyn","name_long":"Olsztyn, Warminsko-mazurskie","url":"olsztyn"},{"id":"34105","name":"Ostróda","name_long":"Ostróda, ostródzki, Warminsko-mazurskie","url":"ostroda"},{"id":"52571","name":"Pisz","name_long":"Pisz, piski, Warminsko-mazurskie","url":"pisz"},{"id":"37951","name":"Szczytno","name_long":"Szczytno, szczycienski, Warminsko-mazurskie","url":"szczytno"}]},{"id":1,"name":"Wielkopolskie","url":"wielkopolskie","subregions":[{"id":"112933","name":"Chodziez","name_long":"Chodziez, chodzieski, Wielkopolskie","url":"chodziez"},{"id":"6179","name":"Gniezno","name_long":"Gniezno, gnieznienski, Wielkopolskie","url":"gniezno"},{"id":"27385","name":"Gostyn","name_long":"Gostyn, gostynski, Wielkopolskie","url":"gostyn"},{"id":"86283","name":"Jarocin","name_long":"Jarocin, jarocinski, Wielkopolskie","url":"jarocin"},{"id":"7509","name":"Kalisz","name_long":"Kalisz, Wielkopolskie","url":"kalisz"},{"id":"29583","name":"Kolo","name_long":"Kolo, kolski, Wielkopolskie","url":"kolo"},{"id":"8523","name":"Konin","name_long":"Konin, Wielkopolskie","url":"konin"},{"id":"29929","name":"Koscian","name_long":"Koscian, koscianski, Wielkopolskie","url":"koscian"},{"id":"66605","name":"Krotoszyn","name_long":"Krotoszyn, krotoszynski, Wielkopolskie","url":"krotoszyn"},{"id":"9827","name":"Leszno","name_long":"Leszno, Wielkopolskie","url":"leszno"},{"id":"67521","name":"Lubon","name_long":"Lubon, poznanski, Wielkopolskie","url":"lubon"},{"id":"91819","name":"Nowy Tomysl","name_long":"Nowy Tomysl, nowotomyski, Wielkopolskie","url":"nowy-tomysl"},{"id":"69609","name":"Oborniki","name_long":"Oborniki, obornicki, Wielkopolskie","url":"oborniki"},{"id":"70249","name":"Ostrów Wielkopolski","name_long":"Ostrów Wielkopolski, ostrowski, Wielkopolskie","url":"ostrow-wielkopolski"},{"id":"52515","name":"Pila","name_long":"Pila, pilski, Wielkopolskie","url":"pila"},{"id":"13627","name":"Pleszew","name_long":"Pleszew, pleszewski, Wielkopolskie","url":"pleszew"},{"id":"13983","name":"Poznan","name_long":"Poznan, Wielkopolskie","url":"poznan"},{"id":"14787","name":"Rawicz","name_long":"Rawicz, rawicki, Wielkopolskie","url":"rawicz"},{"id":"96413","name":"Srem","name_long":"Srem, sremski, Wielkopolskie","url":"srem"},{"id":"17227","name":"Sroda Wielkopolska","name_long":"Sroda Wielkopolska, sredzki, Wielkopolskie","url":"sroda-wielkopolska"},{"id":"16643","name":"Swarzedz","name_long":"Swarzedz, poznanski, Wielkopolskie","url":"swarzedz"},{"id":"55749","name":"Szamotuly","name_long":"Szamotuly, szamotulski, Wielkopolskie","url":"szamotuly"},{"id":"74809","name":"Trzcianka","name_long":"Trzcianka, czarnkowsko-trzcianecki, Wielkopolskie","url":"trzcianka"},{"id":"56677","name":"Turek","name_long":"Turek, turecki, Wielkopolskie","url":"turek"},{"id":"19023","name":"Wagrowiec","name_long":"Wagrowiec, wagrowiecki, Wielkopolskie","url":"wagrowiec"},{"id":"77345","name":"Wrzesnia","name_long":"Wrzesnia, wrzesinski, Wielkopolskie","url":"wrzesnia"},{"id":"129789","name":"Zlotów","name_long":"Zlotów, zlotowski, Wielkopolskie","url":"zlotow"}]},{"id":11,"name":"Zachodniopomorskie","url":"zachodniopomorskie","subregions":[{"id":"2527","name":"Bialogard","name_long":"Bialogard, bialogardzki, Zachodniopomorskie","url":"bialogard"},{"id":"22619","name":"Choszczno","name_long":"Choszczno, choszczenski, Zachodniopomorskie","url":"choszczno"},{"id":"63433","name":"Goleniów","name_long":"Goleniów, goleniowski, Zachodniopomorskie","url":"goleniow"},{"id":"27709","name":"Gryfice","name_long":"Gryfice, gryficki, Zachodniopomorskie","url":"gryfice"},{"id":"6681","name":"Gryfino","name_long":"Gryfino, gryfinski, Zachodniopomorskie","url":"gryfino"},{"id":"28643","name":"Kamien Pomorski","name_long":"Kamien Pomorski, kamienski, Zachodniopomorskie","url":"kamien-pomorski"},{"id":"8445","name":"Kolobrzeg","name_long":"Kolobrzeg, kolobrzeski, Zachodniopomorskie","url":"kolobrzeg"},{"id":"8679","name":"Koszalin","name_long":"Koszalin, Zachodniopomorskie","url":"koszalin"},{"id":"51357","name":"Nowogard","name_long":"Nowogard, goleniowski, Zachodniopomorskie","url":"nowogard"},{"id":"13857","name":"Police","name_long":"Police, policki, Zachodniopomorskie","url":"police"},{"id":"55283","name":"Stargard","name_long":"Stargard, stargardzki, Zachodniopomorskie","url":"stargard"},{"id":"56293","name":"Swidwin","name_long":"Swidwin, swidwinski, Zachodniopomorskie","url":"swidwin"},{"id":"17307","name":"Swinoujscie","name_long":"Swinoujscie, Zachodniopomorskie","url":"swinoujscie"},{"id":"16705","name":"Szczecin","name_long":"Szczecin, Zachodniopomorskie","url":"szczecin"},{"id":"17013","name":"Szczecinek","name_long":"Szczecinek, szczecinecki, Zachodniopomorskie","url":"szczecinek"},{"id":"75075","name":"Walcz","name_long":"Walcz, walecki, Zachodniopomorskie","url":"walcz"}]}]